PUBKey;Name;Invoice;CRMUserID;Amount;BillNumber;Success;PayoutID;Paid
@AvJwpgkMlRDgXKknLl_NM6o3rYDtTZmxgf_3YnCMh2SJ;*** TEST Account with extremeeeeeeeeeeeely veeeeeeeeery long Name;@WwECJEAHSW52b2ljZQMCJFkhA7AyHRsdbGrEAfdI8V2Aj2th-Oh1qHp3yByVzsFWLAH4AgZhbW91bnQEEgEkAAIEaW5mbwABBG5hbWUOUGF5b3V0IHJlcXVlc3Q=;901329;1500.00;@QKeJv5hLV3cWrFuyGKemEuP8QXirbiIj4wnYCahzvh4=;1;5e5075b6-cd7a-4722-a5fa-05ebb6f201c9;1500.0
@A92N3tncUMhPJRdW_fhJuGgZ8NeMJVDwdLk7E8LXw5P_;Danil Davydov DEV;@WwECJEAHSW52b2ljZQMCJFkhA4qZrJEntgGxGieHQfkng0xvXjviIJai8oT-ZzsIN3K7AgZhbW91bnQEEgEkAAIEaW5mbwABBG5hbWUOUGF5b3V0IHJlcXVlc3Q=;901497;3600.00;@DVtcnTAA_9HfI3oZ3LBr0MHbvhcALxgfy-TNDirzdeA=;1;311c49ef-47b4-4009-90fb-0e6c34fb7004;3600.0
@AvJwpgkMlRDgXKknLl_NM6o3rYDtTZmxgf_3YnCMh2SJ;*** TEST Account with extremeeeeeeeeeeeely veeeeeeeeery long Name;@WwECJEAHSW52b2ljZQMCJFkhA7AyHRsdbGrEAfdI8V2Aj2th-Oh1qHp3yByVzsFWLAH4AgZhbW91bnQEEgEkAAIEaW5mbwABBG5hbWUOUGF5b3V0IHJlcXVlc3Q=;901329;103872.73;@QKeJv5hLV3cWrFuyGKemEuP8QXirbiIj4wnYCahzvh4=;1;81f0cc2c-3ff8-424f-8c91-103c247dfe15;1500.0
@AvJwpgkMlRDgXKknLl_NM6o3rYDtTZmxgf_3YnCMh2SJ;*** TEST Account with extremeeeeeeeeeeeely veeeeeeeeery long Name;@WwECJEAHSW52b2ljZQMCJFkhA7AyHRsdbGrEAfdI8V2Aj2th-Oh1qHp3yByVzsFWLAH4AgZhbW91bnQEEgEkAAIEaW5mbwABBG5hbWUOUGF5b3V0IHJlcXVlc3Q=;901329;3600.00;@QKeJv5hLV3cWrFuyGKemEuP8QXirbiIj4wnYCahzvh4=;1;c1d56bc4-3689-4162-bef5-12daa9248a83;1500.0
@AqewECaw4bAfDDlkWfSAErVQC00DsIKcar89cOtrw-qp;Alex DEV account - 15;@WwECJEAHSW52b2ljZQMCJFkhA01qtWKH0Qc9lhIy6Sz1B2kGvbVftjLV-3JaWOUKV7YqAgZhbW91bnQEEgEkAAIEaW5mbwABBG5hbWUOUGF5b3V0IHJlcXVlc3Q=;901506;21818.18;@QHeZKFUE2oreWUfB-PoqV3yKCFsbjspbDgxLd27X23A=;1;3fedbe9f-2e68-455f-a48c-1375acb6d2e2;21818.180000000
@A92N3tncUMhPJRdW_fhJuGgZ8NeMJVDwdLk7E8LXw5P_;Danil Davydov DEV;@WwECJEAHSW52b2ljZQMCJFkhA4qZrJEntgGxGieHQfkng0xvXjviIJai8oT-ZzsIN3K7AgZhbW91bnQEEgEkAAIEaW5mbwABBG5hbWUOUGF5b3V0IHJlcXVlc3Q=;901497;3600.00;@DVtcnTAA_9HfI3oZ3LBr0MHbvhcALxgfy-TNDirzdeA=;1;c9039fa3-baf7-459a-b198-1394f20db37b;3600.0
@A92N3tncUMhPJRdW_fhJuGgZ8NeMJVDwdLk7E8LXw5P_;Dan123test;@WwECJEAHSW52b2ljZQMCJFkhAlUbMDkwyKFgFW6wQfA5Wv1AFU1Jw5ogLh1pRwPvOtPTAgZhbW91bnQEEgEkAAIEaW5mbwABBG5hbWUOUGF5b3V0IHJlcXVlc3Q=;901514;4006800.00;@FfkDRsslvalAM3DTCanbnycbEwicmtnnRbcSlosXNnk=;1;3743cb3b-9d81-46d6-a650-168a4b417a4c;4006800.0
@AvJwpgkMlRDgXKknLl_NM6o3rYDtTZmxgf_3YnCMh2SJ;*** TEST Account with extremeeeeeeeeeeeely veeeeeeeeery long Name;@WwECJEAHSW52b2ljZQMCJFkhA7AyHRsdbGrEAfdI8V2Aj2th-Oh1qHp3yByVzsFWLAH4AgZhbW91bnQEEgEkAAIEaW5mbwABBG5hbWUOUGF5b3V0IHJlcXVlc3Q=;901329;61818.18;@QKeJv5hLV3cWrFuyGKemEuP8QXirbiIj4wnYCahzvh4=;1;e2c5b85b-126d-435d-8278-17955836478a;1500.0
@Ag036MI45w_4aZni7WgrjpJ2tLBiRKKwL1u8kVJ3wukK;newtestacc1;@WwECJEAHSW52b2ljZQMCJFkhAx0bNlLRTPRY_sYa5ASL96SDpaRdVtXCriLN_TqhEhIGAgZhbW91bnQEEgEkAAIEaW5mbwABBG5hbWUOUGF5b3V0IHJlcXVlc3Q=;901523;1272727.37;@UxFnAN7wPJ7rv7KZJbPn82xfOYwqJ4RnvhaeFlLWTqM=;1;848402a5-9398-4413-938b-180af3749dd7;902000.0
@AvJwpgkMlRDgXKknLl_NM6o3rYDtTZmxgf_3YnCMh2SJ;*** TEST Account with extremeeeeeeeeeeeely veeeeeeeeery long Name;@WwECJEAHSW52b2ljZQMCJFkhA7AyHRsdbGrEAfdI8V2Aj2th-Oh1qHp3yByVzsFWLAH4AgZhbW91bnQEEgEkAAIEaW5mbwABBG5hbWUOUGF5b3V0IHJlcXVlc3Q=;901329;90909.09;@QKeJv5hLV3cWrFuyGKemEuP8QXirbiIj4wnYCahzvh4=;1;80ece912-8ac6-438d-b64a-19cc52a87413;1500.0
@A92N3tncUMhPJRdW_fhJuGgZ8NeMJVDwdLk7E8LXw5P_;Danil Davydov DEV;@WwECJEAHSW52b2ljZQMCJFkhA4qZrJEntgGxGieHQfkng0xvXjviIJai8oT-ZzsIN3K7AgZhbW91bnQEEgEkAAIEaW5mbwABBG5hbWUOUGF5b3V0IHJlcXVlc3Q=;901497;3600.00;@DVtcnTAA_9HfI3oZ3LBr0MHbvhcALxgfy-TNDirzdeA=;1;31397f92-fca8-46ff-932a-1afca259f9c4;3600.0
@A92N3tncUMhPJRdW_fhJuGgZ8NeMJVDwdLk7E8LXw5P_;Danil Davydov DEV;@WwECJEAHSW52b2ljZQMCJFkhA4qZrJEntgGxGieHQfkng0xvXjviIJai8oT-ZzsIN3K7AgZhbW91bnQEEgEkAAIEaW5mbwABBG5hbWUOUGF5b3V0IHJlcXVlc3Q=;901497;3600.00;@DVtcnTAA_9HfI3oZ3LBr0MHbvhcALxgfy-TNDirzdeA=;1;70127bec-b677-4aa2-a064-1b940813dc17;3600.0
@A1F3CK4luQBXzSKkPRxb6aok8A4CHU-Xwf8_b5eXfwZP;kv-20-10;@WwECJEAHSW52b2ljZQMCJFkhA5PeSgFzexY4Qo_GnUNM-6etTryh-PZXUxMmKTS0eJCCAgZhbW91bnQEEgEkAAIEaW5mbwABBG5hbWUOUGF5b3V0IHJlcXVlc3Q=;901527;648880.00;@JmsUia3F9L4G1ly__dlLKshSfsamFwrqU-9H_dvnGxs=;1;106f3a75-6116-4def-b03a-1fac8f46222a;1560000.0
@A92N3tncUMhPJRdW_fhJuGgZ8NeMJVDwdLk7E8LXw5P_;Danil Davydov DEV;@WwECJEAHSW52b2ljZQMCJFkhA4qZrJEntgGxGieHQfkng0xvXjviIJai8oT-ZzsIN3K7AgZhbW91bnQEEgEkAAIEaW5mbwABBG5hbWUOUGF5b3V0IHJlcXVlc3Q=;901497;3600.00;@DVtcnTAA_9HfI3oZ3LBr0MHbvhcALxgfy-TNDirzdeA=;1;a4a76299-6306-4cf6-9641-2051ca2e2ace;3600.0
@A92N3tncUMhPJRdW_fhJuGgZ8NeMJVDwdLk7E8LXw5P_;Danil Davydov DEV;@WwECJEAHSW52b2ljZQMCJFkhA4qZrJEntgGxGieHQfkng0xvXjviIJai8oT-ZzsIN3K7AgZhbW91bnQEEgEkAAIEaW5mbwABBG5hbWUOUGF5b3V0IHJlcXVlc3Q=;901497;3600.00;@DVtcnTAA_9HfI3oZ3LBr0MHbvhcALxgfy-TNDirzdeA=;1;72a31392-e7cb-4e8b-b1fd-20a0e848f849;3600.0
@A92N3tncUMhPJRdW_fhJuGgZ8NeMJVDwdLk7E8LXw5P_;Danil Davydov DEV;@WwECJEAHSW52b2ljZQMCJFkhA4qZrJEntgGxGieHQfkng0xvXjviIJai8oT-ZzsIN3K7AgZhbW91bnQEEgEkAAIEaW5mbwABBG5hbWUOUGF5b3V0IHJlcXVlc3Q=;901497;3600.00;@DVtcnTAA_9HfI3oZ3LBr0MHbvhcALxgfy-TNDirzdeA=;1;19e4c783-b7b9-41a7-ad82-22c1e5fa8615;3600.0
@A92N3tncUMhPJRdW_fhJuGgZ8NeMJVDwdLk7E8LXw5P_;Danil Davydov DEV;@WwECJEAHSW52b2ljZQMCJFkhA4qZrJEntgGxGieHQfkng0xvXjviIJai8oT-ZzsIN3K7AgZhbW91bnQEEgEkAAIEaW5mbwABBG5hbWUOUGF5b3V0IHJlcXVlc3Q=;901497;90290.91;@DVtcnTAA_9HfI3oZ3LBr0MHbvhcALxgfy-TNDirzdeA=;1;9e9abde5-575f-4389-9bc6-28470a7fd747;3600.0
@A92N3tncUMhPJRdW_fhJuGgZ8NeMJVDwdLk7E8LXw5P_;Danil Davydov DEV;@WwECJEAHSW52b2ljZQMCJFkhA4qZrJEntgGxGieHQfkng0xvXjviIJai8oT-ZzsIN3K7AgZhbW91bnQEEgEkAAIEaW5mbwABBG5hbWUOUGF5b3V0IHJlcXVlc3Q=;901497;3600.00;@DVtcnTAA_9HfI3oZ3LBr0MHbvhcALxgfy-TNDirzdeA=;1;ef90ce25-cf24-49f1-9f08-2f07d10612a6;3600.0
@AvJwpgkMlRDgXKknLl_NM6o3rYDtTZmxgf_3YnCMh2SJ;*** TEST Account with extremeeeeeeeeeeeely veeeeeeeeery long Name;@WwECJEAHSW52b2ljZQMCJFkhA7AyHRsdbGrEAfdI8V2Aj2th-Oh1qHp3yByVzsFWLAH4AgZhbW91bnQEEgEkAAIEaW5mbwABBG5hbWUOUGF5b3V0IHJlcXVlc3Q=;901329;1500.00;@QKeJv5hLV3cWrFuyGKemEuP8QXirbiIj4wnYCahzvh4=;1;efdedb2c-fdd6-4155-b36c-326ce7966203;1500.0
@AvJwpgkMlRDgXKknLl_NM6o3rYDtTZmxgf_3YnCMh2SJ;*** TEST Account with extremeeeeeeeeeeeely veeeeeeeeery long Name;@WwECJEAHSW52b2ljZQMCJFkhA7AyHRsdbGrEAfdI8V2Aj2th-Oh1qHp3yByVzsFWLAH4AgZhbW91bnQEEgEkAAIEaW5mbwABBG5hbWUOUGF5b3V0IHJlcXVlc3Q=;901329;3600.00;@QKeJv5hLV3cWrFuyGKemEuP8QXirbiIj4wnYCahzvh4=;1;5c883994-ddf0-4bf8-8cb6-36c91bd543e4;1500.0
@A92N3tncUMhPJRdW_fhJuGgZ8NeMJVDwdLk7E8LXw5P_;Danil Davydov DEV;@WwECJEAHSW52b2ljZQMCJFkhA4qZrJEntgGxGieHQfkng0xvXjviIJai8oT-ZzsIN3K7AgZhbW91bnQEEgEkAAIEaW5mbwABBG5hbWUOUGF5b3V0IHJlcXVlc3Q=;901497;3600.00;@DVtcnTAA_9HfI3oZ3LBr0MHbvhcALxgfy-TNDirzdeA=;1;c8bed602-0f95-45f1-9351-3ae6c6a45403;3600.0
@AqewECaw4bAfDDlkWfSAErVQC00DsIKcar89cOtrw-qp;Alex DEV account - 15;@WwECJEAHSW52b2ljZQMCJFkhA01qtWKH0Qc9lhIy6Sz1B2kGvbVftjLV-3JaWOUKV7YqAgZhbW91bnQEEgEkAAIEaW5mbwABBG5hbWUOUGF5b3V0IHJlcXVlc3Q=;901506;72727.28;@QHeZKFUE2oreWUfB-PoqV3yKCFsbjspbDgxLd27X23A=;1;4ad2757b-f175-42b9-b2df-40744e590827;21818.180000000
@A92N3tncUMhPJRdW_fhJuGgZ8NeMJVDwdLk7E8LXw5P_;Danil Davydov DEV;@WwECJEAHSW52b2ljZQMCJFkhA4qZrJEntgGxGieHQfkng0xvXjviIJai8oT-ZzsIN3K7AgZhbW91bnQEEgEkAAIEaW5mbwABBG5hbWUOUGF5b3V0IHJlcXVlc3Q=;901497;3600.00;@DVtcnTAA_9HfI3oZ3LBr0MHbvhcALxgfy-TNDirzdeA=;1;db35eaa5-577f-43ae-96ab-434a2e394773;3600.0
@Ag036MI45w_4aZni7WgrjpJ2tLBiRKKwL1u8kVJ3wukK;DanDavtest;@WwECJEAHSW52b2ljZQMCJFkhA-42vF4wLoZIvAoKf-HIrIdq6JVYWVrxZRvLrOpZDn97AgZhbW91bnQEEgEkAAIEaW5mbwABBG5hbWUOUGF5b3V0IHJlcXVlc3Q=;901521;945454.55;@J-oQ_9f-PCnigCXwEF9iPpYb6S_xYGJma3tN747EsKs=;1;05baf2ce-2ef0-4d2c-9ec9-495a83a1585a;1581818.180000000
@A92N3tncUMhPJRdW_fhJuGgZ8NeMJVDwdLk7E8LXw5P_;Danil Davydov DEV;@WwECJEAHSW52b2ljZQMCJFkhA4qZrJEntgGxGieHQfkng0xvXjviIJai8oT-ZzsIN3K7AgZhbW91bnQEEgEkAAIEaW5mbwABBG5hbWUOUGF5b3V0IHJlcXVlc3Q=;901497;3600.00;@DVtcnTAA_9HfI3oZ3LBr0MHbvhcALxgfy-TNDirzdeA=;1;29bb4a0a-b904-4e4c-8a49-4dd808d52a79;3600.0
@A92N3tncUMhPJRdW_fhJuGgZ8NeMJVDwdLk7E8LXw5P_;Danil Davydov DEV;@WwECJEAHSW52b2ljZQMCJFkhA4qZrJEntgGxGieHQfkng0xvXjviIJai8oT-ZzsIN3K7AgZhbW91bnQEEgEkAAIEaW5mbwABBG5hbWUOUGF5b3V0IHJlcXVlc3Q=;901497;3600.00;@DVtcnTAA_9HfI3oZ3LBr0MHbvhcALxgfy-TNDirzdeA=;1;c44c5538-671e-4955-a7b9-502c157769c1;3600.0
@AvBBBpPaXe34Enu0Shrwth46RM1hkPqiRK9ek-ubiyVb;kv-20-8;@WwECJEAHSW52b2ljZQMCJFkhA0lHCxquM5AFRr_2b23JhwoDhpyusGi11SxSCQ0Jk3EDAgZhbW91bnQEEgEkAAIEaW5mbwABBG5hbWUOUGF5b3V0IHJlcXVlc3Q=;901525;6662420.00;@kJvPZ6fuWC1JCRP_w9ucsEDu883C1Eb8rQbSIvcgk7Q=;1;b888cd75-2d30-4b56-ba70-50b692a494b1;6662420.0
@A92N3tncUMhPJRdW_fhJuGgZ8NeMJVDwdLk7E8LXw5P_;Danil Davydov DEV;@WwECJEAHSW52b2ljZQMCJFkhA4qZrJEntgGxGieHQfkng0xvXjviIJai8oT-ZzsIN3K7AgZhbW91bnQEEgEkAAIEaW5mbwABBG5hbWUOUGF5b3V0IHJlcXVlc3Q=;901497;3600.00;@DVtcnTAA_9HfI3oZ3LBr0MHbvhcALxgfy-TNDirzdeA=;1;8f03f904-f3e4-4c3d-8ce6-53f2a64336df;3600.0
@A92N3tncUMhPJRdW_fhJuGgZ8NeMJVDwdLk7E8LXw5P_;Danil Davydov DEV;@WwECJEAHSW52b2ljZQMCJFkhA4qZrJEntgGxGieHQfkng0xvXjviIJai8oT-ZzsIN3K7AgZhbW91bnQEEgEkAAIEaW5mbwABBG5hbWUOUGF5b3V0IHJlcXVlc3Q=;901497;3600.00;@DVtcnTAA_9HfI3oZ3LBr0MHbvhcALxgfy-TNDirzdeA=;1;ec07ec70-f8e4-4896-b597-58eb76df29c9;3600.0
@A92N3tncUMhPJRdW_fhJuGgZ8NeMJVDwdLk7E8LXw5P_;Danil Davydov DEV;@WwECJEAHSW52b2ljZQMCJFkhA4qZrJEntgGxGieHQfkng0xvXjviIJai8oT-ZzsIN3K7AgZhbW91bnQEEgEkAAIEaW5mbwABBG5hbWUOUGF5b3V0IHJlcXVlc3Q=;901497;3600.00;@DVtcnTAA_9HfI3oZ3LBr0MHbvhcALxgfy-TNDirzdeA=;1;cc551b40-5ea1-48c5-aee6-5e703603c801;3600.0
@A92N3tncUMhPJRdW_fhJuGgZ8NeMJVDwdLk7E8LXw5P_;Danil Davydov DEV;@WwECJEAHSW52b2ljZQMCJFkhA4qZrJEntgGxGieHQfkng0xvXjviIJai8oT-ZzsIN3K7AgZhbW91bnQEEgEkAAIEaW5mbwABBG5hbWUOUGF5b3V0IHJlcXVlc3Q=;901497;3600.00;@DVtcnTAA_9HfI3oZ3LBr0MHbvhcALxgfy-TNDirzdeA=;1;4d78e0c5-c328-4f87-8892-6079fa58cbbe;3600.0
@A92N3tncUMhPJRdW_fhJuGgZ8NeMJVDwdLk7E8LXw5P_;Danil Davydov DEV;@WwECJEAHSW52b2ljZQMCJFkhA4qZrJEntgGxGieHQfkng0xvXjviIJai8oT-ZzsIN3K7AgZhbW91bnQEEgEkAAIEaW5mbwABBG5hbWUOUGF5b3V0IHJlcXVlc3Q=;901497;3600.00;@DVtcnTAA_9HfI3oZ3LBr0MHbvhcALxgfy-TNDirzdeA=;1;57d038a8-0189-460d-a8c9-6088040b43d2;3600.0
@A92N3tncUMhPJRdW_fhJuGgZ8NeMJVDwdLk7E8LXw5P_;Danil Davydov DEV;@WwECJEAHSW52b2ljZQMCJFkhA4qZrJEntgGxGieHQfkng0xvXjviIJai8oT-ZzsIN3K7AgZhbW91bnQEEgEkAAIEaW5mbwABBG5hbWUOUGF5b3V0IHJlcXVlc3Q=;901497;3600.00;@DVtcnTAA_9HfI3oZ3LBr0MHbvhcALxgfy-TNDirzdeA=;1;870d7e8f-7032-47aa-82a4-60a3ed1b45f2;3600.0
@A1F3CK4luQBXzSKkPRxb6aok8A4CHU-Xwf8_b5eXfwZP;kv-20-10;@WwECJEAHSW52b2ljZQMCJFkhA5PeSgFzexY4Qo_GnUNM-6etTryh-PZXUxMmKTS0eJCCAgZhbW91bnQEEgEkAAIEaW5mbwABBG5hbWUOUGF5b3V0IHJlcXVlc3Q=;901527;1560000.00;@JmsUia3F9L4G1ly__dlLKshSfsamFwrqU-9H_dvnGxs=;1;dba18fb8-0eef-4144-902a-681f6a557fc8;1560000.0
@A92N3tncUMhPJRdW_fhJuGgZ8NeMJVDwdLk7E8LXw5P_;Danil Davydov DEV;@WwECJEAHSW52b2ljZQMCJFkhA4qZrJEntgGxGieHQfkng0xvXjviIJai8oT-ZzsIN3K7AgZhbW91bnQEEgEkAAIEaW5mbwABBG5hbWUOUGF5b3V0IHJlcXVlc3Q=;901497;3600.00;@DVtcnTAA_9HfI3oZ3LBr0MHbvhcALxgfy-TNDirzdeA=;1;03c7710b-e2aa-4f42-a9d8-68dc631e273c;3600.0
@A92N3tncUMhPJRdW_fhJuGgZ8NeMJVDwdLk7E8LXw5P_;Danil Davydov DEV;@WwECJEAHSW52b2ljZQMCJFkhA4qZrJEntgGxGieHQfkng0xvXjviIJai8oT-ZzsIN3K7AgZhbW91bnQEEgEkAAIEaW5mbwABBG5hbWUOUGF5b3V0IHJlcXVlc3Q=;901497;3600.00;@DVtcnTAA_9HfI3oZ3LBr0MHbvhcALxgfy-TNDirzdeA=;1;5a46a0dd-8471-4e05-8867-6aac518ef8e3;3600.0
@A92N3tncUMhPJRdW_fhJuGgZ8NeMJVDwdLk7E8LXw5P_;Danil Davydov DEV;@WwECJEAHSW52b2ljZQMCJFkhA4qZrJEntgGxGieHQfkng0xvXjviIJai8oT-ZzsIN3K7AgZhbW91bnQEEgEkAAIEaW5mbwABBG5hbWUOUGF5b3V0IHJlcXVlc3Q=;901497;3600.00;@DVtcnTAA_9HfI3oZ3LBr0MHbvhcALxgfy-TNDirzdeA=;1;f3d55ad3-6493-4c6e-a17b-70faa7e0d305;3600.0
@A92N3tncUMhPJRdW_fhJuGgZ8NeMJVDwdLk7E8LXw5P_;Danil Davydov DEV;@WwECJEAHSW52b2ljZQMCJFkhA4qZrJEntgGxGieHQfkng0xvXjviIJai8oT-ZzsIN3K7AgZhbW91bnQEEgEkAAIEaW5mbwABBG5hbWUOUGF5b3V0IHJlcXVlc3Q=;901497;0.10;@DVtcnTAA_9HfI3oZ3LBr0MHbvhcALxgfy-TNDirzdeA=;1;e7f16eed-4a02-4294-9d71-73a941cd9e7c;3600.0
@AvJwpgkMlRDgXKknLl_NM6o3rYDtTZmxgf_3YnCMh2SJ;*** TEST Account with extremeeeeeeeeeeeely veeeeeeeeery long Name;@WwECJEAHSW52b2ljZQMCJFkhA7AyHRsdbGrEAfdI8V2Aj2th-Oh1qHp3yByVzsFWLAH4AgZhbW91bnQEEgEkAAIEaW5mbwABBG5hbWUOUGF5b3V0IHJlcXVlc3Q=;901329;1500.00;@QKeJv5hLV3cWrFuyGKemEuP8QXirbiIj4wnYCahzvh4=;1;7721bf1d-bead-412c-b956-77dd6795f750;1500.0
@Ag036MI45w_4aZni7WgrjpJ2tLBiRKKwL1u8kVJ3wukK;DanDavtest;@WwECJEAHSW52b2ljZQMCJFkhA-42vF4wLoZIvAoKf-HIrIdq6JVYWVrxZRvLrOpZDn97AgZhbW91bnQEEgEkAAIEaW5mbwABBG5hbWUOUGF5b3V0IHJlcXVlc3Q=;901521;2518181.82;@J-oQ_9f-PCnigCXwEF9iPpYb6S_xYGJma3tN747EsKs=;1;62d62986-9b57-4662-b147-7dc24a6dd761;1581818.180000000
@A-GLQVJDP4ym2_TDMlZ2VoiIbJfft5xLUOwD4msfDU5F;testdav123;@WwECJEAHSW52b2ljZQMCJFkhAgDOixr6k-AQbUs5O9PY0vh8hnJH7UP6zOXkLP5eDps_AgZhbW91bnQEEgEkAAIEaW5mbwABBG5hbWUOUGF5b3V0IHJlcXVlc3Q=;901515;4006800.00;@V-MaJHX_k4UHQ8cdVGYWYKhAWGm8hV726Mh4D65q_Fw=;1;aa5f7cac-8421-497f-ae03-8649a337e5fe;4006800.0
@AkIBR66MkX7yElLqHePTDHkfB3LK6iMnxof19w9z11wJ;testacc30;@WwECJEAHSW52b2ljZQMCJFkhA_MbwvvOu6_3H_ma_ktAZK_dqcm4lc6B8bZHihWCGdstAgZhbW91bnQEEgEkAAIEaW5mbwABBG5hbWUOUGF5b3V0IHJlcXVlc3Q=;901528;4454545.46;@AsS_8WC-jn0fkl1h1hOWHe7xgOAiEyK7xvoaRkLT1Xs=;1;8249657c-8e83-46e2-aa6a-864f2f2c1b80;4454545.460000000
@AvJwpgkMlRDgXKknLl_NM6o3rYDtTZmxgf_3YnCMh2SJ;Alex 212;@WwECJEAHSW52b2ljZQMCJFkhA7w-AYTFvTSWyT3URT9wq_YS6eWdhi94QAFXulYNmicxAgZhbW91bnQEEgEkAAIEaW5mbwABBG5hbWUOUGF5b3V0IHJlcXVlc3Q=;901510;80218.18;@wFxWnybi4m_TIa5XJXxAnsKvHS7aFZ1aVk58TtY8YTU=;1;69be0f15-ccc7-459e-95c9-8871e05db20e;80218.180000000
@AvJwpgkMlRDgXKknLl_NM6o3rYDtTZmxgf_3YnCMh2SJ;*** TEST Account with extremeeeeeeeeeeeely veeeeeeeeery long Name;@WwECJEAHSW52b2ljZQMCJFkhA7AyHRsdbGrEAfdI8V2Aj2th-Oh1qHp3yByVzsFWLAH4AgZhbW91bnQEEgEkAAIEaW5mbwABBG5hbWUOUGF5b3V0IHJlcXVlc3Q=;901329;57272.73;@QKeJv5hLV3cWrFuyGKemEuP8QXirbiIj4wnYCahzvh4=;1;3676279d-0db4-4a04-8b16-9179a2cc3654;1500.0
@A92N3tncUMhPJRdW_fhJuGgZ8NeMJVDwdLk7E8LXw5P_;Danil Davydov DEV;@WwECJEAHSW52b2ljZQMCJFkhA4qZrJEntgGxGieHQfkng0xvXjviIJai8oT-ZzsIN3K7AgZhbW91bnQEEgEkAAIEaW5mbwABBG5hbWUOUGF5b3V0IHJlcXVlc3Q=;901497;3600.00;@DVtcnTAA_9HfI3oZ3LBr0MHbvhcALxgfy-TNDirzdeA=;1;42ba69c1-75c6-4f96-9f2a-98802249b830;3600.0
@Ag036MI45w_4aZni7WgrjpJ2tLBiRKKwL1u8kVJ3wukK;DanDavtest;@WwECJEAHSW52b2ljZQMCJFkhA-42vF4wLoZIvAoKf-HIrIdq6JVYWVrxZRvLrOpZDn97AgZhbW91bnQEEgEkAAIEaW5mbwABBG5hbWUOUGF5b3V0IHJlcXVlc3Q=;901521;363636.36;@J-oQ_9f-PCnigCXwEF9iPpYb6S_xYGJma3tN747EsKs=;1;78c7213d-51b0-4b12-8cc4-9ea1e9493d71;1581818.180000000
@A92N3tncUMhPJRdW_fhJuGgZ8NeMJVDwdLk7E8LXw5P_;Danil Davydov DEV;@WwECJEAHSW52b2ljZQMCJFkhA4qZrJEntgGxGieHQfkng0xvXjviIJai8oT-ZzsIN3K7AgZhbW91bnQEEgEkAAIEaW5mbwABBG5hbWUOUGF5b3V0IHJlcXVlc3Q=;901497;62618.18;@DVtcnTAA_9HfI3oZ3LBr0MHbvhcALxgfy-TNDirzdeA=;1;942efd95-a55c-40f5-be34-a76dce69eaab;3600.0
@AyNUn71zB-iKEE1Sgysfm4OeX6jXe5XvZr4E4FvePoQc;kv-20-7;@WwECJEAHSW52b2ljZQMCJFkhAvx9UzlWOzZyJvbS_lcfQH4vC0DF5_QMnYsnbnoye2d5AgZhbW91bnQEEgEkAAIEaW5mbwABBG5hbWUOUGF5b3V0IHJlcXVlc3Q=;901524;668660.00;@GobtUjmOTkYHmOg-H8axUPWjmGbgtD9Kwj6akdECEMk=;1;126a35b5-693f-4eb2-bdf2-b5fb0208bbbd;668660.0
@AvJwpgkMlRDgXKknLl_NM6o3rYDtTZmxgf_3YnCMh2SJ;*** TEST Account with extremeeeeeeeeeeeely veeeeeeeeery long Name;@WwECJEAHSW52b2ljZQMCJFkhA7AyHRsdbGrEAfdI8V2Aj2th-Oh1qHp3yByVzsFWLAH4AgZhbW91bnQEEgEkAAIEaW5mbwABBG5hbWUOUGF5b3V0IHJlcXVlc3Q=;901329;3600.00;@QKeJv5hLV3cWrFuyGKemEuP8QXirbiIj4wnYCahzvh4=;1;7f4dc0bc-8a3b-4d67-bb45-b8a42c820ca2;1500.0
@A92N3tncUMhPJRdW_fhJuGgZ8NeMJVDwdLk7E8LXw5P_;Danil Davydov DEV;@WwECJEAHSW52b2ljZQMCJFkhA4qZrJEntgGxGieHQfkng0xvXjviIJai8oT-ZzsIN3K7AgZhbW91bnQEEgEkAAIEaW5mbwABBG5hbWUOUGF5b3V0IHJlcXVlc3Q=;901497;3600.00;@DVtcnTAA_9HfI3oZ3LBr0MHbvhcALxgfy-TNDirzdeA=;1;037d163f-164a-4e04-99bb-bc35cf8bc490;3600.0
@A92N3tncUMhPJRdW_fhJuGgZ8NeMJVDwdLk7E8LXw5P_;Danil Davydov DEV;@WwECJEAHSW52b2ljZQMCJFkhA4qZrJEntgGxGieHQfkng0xvXjviIJai8oT-ZzsIN3K7AgZhbW91bnQEEgEkAAIEaW5mbwABBG5hbWUOUGF5b3V0IHJlcXVlc3Q=;901497;3600.00;@DVtcnTAA_9HfI3oZ3LBr0MHbvhcALxgfy-TNDirzdeA=;1;04d919e6-fea8-4b4b-b020-c07ae0ca1669;3600.0
@A92N3tncUMhPJRdW_fhJuGgZ8NeMJVDwdLk7E8LXw5P_;Danil Davydov DEV;@WwECJEAHSW52b2ljZQMCJFkhA4qZrJEntgGxGieHQfkng0xvXjviIJai8oT-ZzsIN3K7AgZhbW91bnQEEgEkAAIEaW5mbwABBG5hbWUOUGF5b3V0IHJlcXVlc3Q=;901497;3600.00;@DVtcnTAA_9HfI3oZ3LBr0MHbvhcALxgfy-TNDirzdeA=;1;d44353d4-28dc-4073-a363-c8ab7d04d8d9;3600.0
@Ag036MI45w_4aZni7WgrjpJ2tLBiRKKwL1u8kVJ3wukK;DanDavtest;@WwECJEAHSW52b2ljZQMCJFkhA-42vF4wLoZIvAoKf-HIrIdq6JVYWVrxZRvLrOpZDn97AgZhbW91bnQEEgEkAAIEaW5mbwABBG5hbWUOUGF5b3V0IHJlcXVlc3Q=;901521;1581818.18;@J-oQ_9f-PCnigCXwEF9iPpYb6S_xYGJma3tN747EsKs=;1;501a13b9-3684-45d8-bddd-ca1ef0c50be5;1581818.180000000
@AvJwpgkMlRDgXKknLl_NM6o3rYDtTZmxgf_3YnCMh2SJ;*** TEST Account with extremeeeeeeeeeeeely veeeeeeeeery long Name;@WwECJEAHSW52b2ljZQMCJFkhA7AyHRsdbGrEAfdI8V2Aj2th-Oh1qHp3yByVzsFWLAH4AgZhbW91bnQEEgEkAAIEaW5mbwABBG5hbWUOUGF5b3V0IHJlcXVlc3Q=;901329;1500.00;@QKeJv5hLV3cWrFuyGKemEuP8QXirbiIj4wnYCahzvh4=;1;63e3cfcc-1d3e-4162-b7cb-d0d38ecacbc1;1500.0
@A92N3tncUMhPJRdW_fhJuGgZ8NeMJVDwdLk7E8LXw5P_;Danil Davydov DEV;@WwECJEAHSW52b2ljZQMCJFkhA4qZrJEntgGxGieHQfkng0xvXjviIJai8oT-ZzsIN3K7AgZhbW91bnQEEgEkAAIEaW5mbwABBG5hbWUOUGF5b3V0IHJlcXVlc3Q=;901497;3600.00;@DVtcnTAA_9HfI3oZ3LBr0MHbvhcALxgfy-TNDirzdeA=;1;901aaa9f-2172-4dc1-ac79-d1f9f2f55a71;3600.0
@AqZBPd-5yyVnHwp-INaa-ib-Zipvdghog5qKeJ6UHHbe;NewTest14.05;@WwECJEAHSW52b2ljZQMCJFkhA6Qp4ow7E9NQlalATtbh7k4bdVFY7K9-5Fy64tqSKCyDAgZhbW91bnQEEgEkAAIEaW5mbwABBG5hbWUOUGF5b3V0IHJlcXVlc3Q=;901522;686860.00;@IgmGvhae5wXTunCUikQO9jpqtEJd___0yd_ukKZhOlc=;1;8fdf1e2a-d579-4241-be59-d45bd08f6911;686860.0
@A92N3tncUMhPJRdW_fhJuGgZ8NeMJVDwdLk7E8LXw5P_;Danil Davydov DEV;@WwECJEAHSW52b2ljZQMCJFkhA4qZrJEntgGxGieHQfkng0xvXjviIJai8oT-ZzsIN3K7AgZhbW91bnQEEgEkAAIEaW5mbwABBG5hbWUOUGF5b3V0IHJlcXVlc3Q=;901497;3600.00;@DVtcnTAA_9HfI3oZ3LBr0MHbvhcALxgfy-TNDirzdeA=;1;100bea75-6641-457d-86a2-d4bcbba33edc;3600.0
@AvJwpgkMlRDgXKknLl_NM6o3rYDtTZmxgf_3YnCMh2SJ;*** TEST Account with extremeeeeeeeeeeeely veeeeeeeeery long Name;@WwECJEAHSW52b2ljZQMCJFkhA7AyHRsdbGrEAfdI8V2Aj2th-Oh1qHp3yByVzsFWLAH4AgZhbW91bnQEEgEkAAIEaW5mbwABBG5hbWUOUGF5b3V0IHJlcXVlc3Q=;901329;1500.00;@QKeJv5hLV3cWrFuyGKemEuP8QXirbiIj4wnYCahzvh4=;1;1e47d801-6551-4c85-8db8-d9661aa11b0b;1500.0
@A92N3tncUMhPJRdW_fhJuGgZ8NeMJVDwdLk7E8LXw5P_;Danil Davydov DEV;@WwECJEAHSW52b2ljZQMCJFkhA4qZrJEntgGxGieHQfkng0xvXjviIJai8oT-ZzsIN3K7AgZhbW91bnQEEgEkAAIEaW5mbwABBG5hbWUOUGF5b3V0IHJlcXVlc3Q=;901497;3600.00;@DVtcnTAA_9HfI3oZ3LBr0MHbvhcALxgfy-TNDirzdeA=;1;50f14f55-1524-4425-b48c-dfe52069afbd;3600.0
@A92N3tncUMhPJRdW_fhJuGgZ8NeMJVDwdLk7E8LXw5P_;Danil Davydov DEV;@WwECJEAHSW52b2ljZQMCJFkhA4qZrJEntgGxGieHQfkng0xvXjviIJai8oT-ZzsIN3K7AgZhbW91bnQEEgEkAAIEaW5mbwABBG5hbWUOUGF5b3V0IHJlcXVlc3Q=;901497;3600.00;@DVtcnTAA_9HfI3oZ3LBr0MHbvhcALxgfy-TNDirzdeA=;1;9576e3fd-fea0-4aa2-a07a-e747035e8b3f;3600.0
@A92N3tncUMhPJRdW_fhJuGgZ8NeMJVDwdLk7E8LXw5P_;Danil Davydov DEV;@WwECJEAHSW52b2ljZQMCJFkhA4qZrJEntgGxGieHQfkng0xvXjviIJai8oT-ZzsIN3K7AgZhbW91bnQEEgEkAAIEaW5mbwABBG5hbWUOUGF5b3V0IHJlcXVlc3Q=;901497;3600.00;@DVtcnTAA_9HfI3oZ3LBr0MHbvhcALxgfy-TNDirzdeA=;1;3489816b-75ee-41ab-b83c-e7bae152ac52;3600.0
@Ag036MI45w_4aZni7WgrjpJ2tLBiRKKwL1u8kVJ3wukK;newtestacc1;@WwECJEAHSW52b2ljZQMCJFkhAx0bNlLRTPRY_sYa5ASL96SDpaRdVtXCriLN_TqhEhIGAgZhbW91bnQEEgEkAAIEaW5mbwABBG5hbWUOUGF5b3V0IHJlcXVlc3Q=;901523;902000.00;@UxFnAN7wPJ7rv7KZJbPn82xfOYwqJ4RnvhaeFlLWTqM=;1;3f4fb971-b771-4d5f-9e0f-ed5ad0eced52;902000.0
@A92N3tncUMhPJRdW_fhJuGgZ8NeMJVDwdLk7E8LXw5P_;Danil Davydov DEV;@WwECJEAHSW52b2ljZQMCJFkhA4qZrJEntgGxGieHQfkng0xvXjviIJai8oT-ZzsIN3K7AgZhbW91bnQEEgEkAAIEaW5mbwABBG5hbWUOUGF5b3V0IHJlcXVlc3Q=;901497;3600.00;@DVtcnTAA_9HfI3oZ3LBr0MHbvhcALxgfy-TNDirzdeA=;1;584e5097-92da-4948-b8db-f34ec26c74fb;3600.0
@AvJwpgkMlRDgXKknLl_NM6o3rYDtTZmxgf_3YnCMh2SJ;*** TEST Account with extremeeeeeeeeeeeely veeeeeeeeery long Name;@WwECJEAHSW52b2ljZQMCJFkhA7AyHRsdbGrEAfdI8V2Aj2th-Oh1qHp3yByVzsFWLAH4AgZhbW91bnQEEgEkAAIEaW5mbwABBG5hbWUOUGF5b3V0IHJlcXVlc3Q=;901329;1500.00;@QKeJv5hLV3cWrFuyGKemEuP8QXirbiIj4wnYCahzvh4=;1;680da82b-7e77-4d01-9578-f5c7dbb63356;1500.0
@A92N3tncUMhPJRdW_fhJuGgZ8NeMJVDwdLk7E8LXw5P_;Danil Davydov DEV;@WwECJEAHSW52b2ljZQMCJFkhA4qZrJEntgGxGieHQfkng0xvXjviIJai8oT-ZzsIN3K7AgZhbW91bnQEEgEkAAIEaW5mbwABBG5hbWUOUGF5b3V0IHJlcXVlc3Q=;901497;3600.00;@DVtcnTAA_9HfI3oZ3LBr0MHbvhcALxgfy-TNDirzdeA=;1;f5374bd8-0b08-47c3-85c0-f6d8f4a455ec;3600.0
@AvJwpgkMlRDgXKknLl_NM6o3rYDtTZmxgf_3YnCMh2SJ;*** TEST Account with extremeeeeeeeeeeeely veeeeeeeeery long Name;@WwECJEAHSW52b2ljZQMCJFkhA7AyHRsdbGrEAfdI8V2Aj2th-Oh1qHp3yByVzsFWLAH4AgZhbW91bnQEEgEkAAIEaW5mbwABBG5hbWUOUGF5b3V0IHJlcXVlc3Q=;901329;3600.00;@QKeJv5hLV3cWrFuyGKemEuP8QXirbiIj4wnYCahzvh4=;1;1f40a389-7eb9-4095-8989-fdbd73bdebe8;1500.0
@A92N3tncUMhPJRdW_fhJuGgZ8NeMJVDwdLk7E8LXw5P_;Danil Davydov DEV;@WwECJEAHSW52b2ljZQMCJFkhA4qZrJEntgGxGieHQfkng0xvXjviIJai8oT-ZzsIN3K7AgZhbW91bnQEEgEkAAIEaW5mbwABBG5hbWUOUGF5b3V0IHJlcXVlc3Q=;901497;3600.00;@DVtcnTAA_9HfI3oZ3LBr0MHbvhcALxgfy-TNDirzdeA=;1;13a88a64-af4b-4c00-b229-fdde2e936b5e;3600.0
@A92N3tncUMhPJRdW_fhJuGgZ8NeMJVDwdLk7E8LXw5P_;Danil Davydov DEV;@WwECJEAHSW52b2ljZQMCJFkhA4qZrJEntgGxGieHQfkng0xvXjviIJai8oT-ZzsIN3K7AgZhbW91bnQEEgEkAAIEaW5mbwABBG5hbWUOUGF5b3V0IHJlcXVlc3Q=;901497;61818.18;@DVtcnTAA_9HfI3oZ3LBr0MHbvhcALxgfy-TNDirzdeA=;1;a518a2d1-588d-4fd4-91cd-fe89602cfb1e;3600.0
@A2ISis4Mo6vGfHfaIUA9PgVtr4xmpSmTeHhBaC9OA9FX;kv-20-9;@WwECJEAHSW52b2ljZQMCJFkhA5m8Ux33v5gMl0lAzL0uM8UqTRaIatsbGr_1ACrbzGbzAgZhbW91bnQEEgEkAAIEaW5mbwABBG5hbWUOUGF5b3V0IHJlcXVlc3Q=;901526;688840.00;@KAu0s-KyjYV75pEt5LHJGCRyOyR5dhCg3gkQaYmNKA0=;1;c483e1e7-5f32-492a-ad41-febb39b26f04;688840.0
