PayoutID;Name;CRMUserID;PUBKey;Invoice;Amount;BillNumber;Paid;Success
5e5075b6-cd7a-4722-a5fa-05ebb6f201c9;*** TEST Account with extremeeeeeeeeeeeely veeeeeeeeery long Name;901329;@AvJwpgkMlRDgXKknLl_NM6o3rYDtTZmxgf_3YnCMh2SJ;@WwECJEAHSW52b2ljZQMCJFkhA7AyHRsdbGrEAfdI8V2Aj2th-Oh1qHp3yByVzsFWLAH4AgZhbW91bnQEEgEkAAIEaW5mbwABBG5hbWUOUGF5b3V0IHJlcXVlc3Q=;1500.00;@;@;0
311c49ef-47b4-4009-90fb-0e6c34fb7004;Danil Davydov DEV;901497;@A92N3tncUMhPJRdW_fhJuGgZ8NeMJVDwdLk7E8LXw5P_;@WwECJEAHSW52b2ljZQMCJFkhA4qZrJEntgGxGieHQfkng0xvXjviIJai8oT-ZzsIN3K7AgZhbW91bnQEEgEkAAIEaW5mbwABBG5hbWUOUGF5b3V0IHJlcXVlc3Q=;3600.00;@;@;0
81f0cc2c-3ff8-424f-8c91-103c247dfe15;*** TEST Account with extremeeeeeeeeeeeely veeeeeeeeery long Name;901329;@AvJwpgkMlRDgXKknLl_NM6o3rYDtTZmxgf_3YnCMh2SJ;@WwECJEAHSW52b2ljZQMCJFkhA7AyHRsdbGrEAfdI8V2Aj2th-Oh1qHp3yByVzsFWLAH4AgZhbW91bnQEEgEkAAIEaW5mbwABBG5hbWUOUGF5b3V0IHJlcXVlc3Q=;103872.73;@;@;0
c1d56bc4-3689-4162-bef5-12daa9248a83;*** TEST Account with extremeeeeeeeeeeeely veeeeeeeeery long Name;901329;@AvJwpgkMlRDgXKknLl_NM6o3rYDtTZmxgf_3YnCMh2SJ;@WwECJEAHSW52b2ljZQMCJFkhA7AyHRsdbGrEAfdI8V2Aj2th-Oh1qHp3yByVzsFWLAH4AgZhbW91bnQEEgEkAAIEaW5mbwABBG5hbWUOUGF5b3V0IHJlcXVlc3Q=;3600.00;@;@;0
3fedbe9f-2e68-455f-a48c-1375acb6d2e2;Alex DEV account - 15;901506;@AqewECaw4bAfDDlkWfSAErVQC00DsIKcar89cOtrw-qp;@WwECJEAHSW52b2ljZQMCJFkhA01qtWKH0Qc9lhIy6Sz1B2kGvbVftjLV-3JaWOUKV7YqAgZhbW91bnQEEgEkAAIEaW5mbwABBG5hbWUOUGF5b3V0IHJlcXVlc3Q=;21818.18;@;@;0
c9039fa3-baf7-459a-b198-1394f20db37b;Danil Davydov DEV;901497;@A92N3tncUMhPJRdW_fhJuGgZ8NeMJVDwdLk7E8LXw5P_;@WwECJEAHSW52b2ljZQMCJFkhA4qZrJEntgGxGieHQfkng0xvXjviIJai8oT-ZzsIN3K7AgZhbW91bnQEEgEkAAIEaW5mbwABBG5hbWUOUGF5b3V0IHJlcXVlc3Q=;3600.00;@;@;0
3743cb3b-9d81-46d6-a650-168a4b417a4c;Dan123test;901514;@A92N3tncUMhPJRdW_fhJuGgZ8NeMJVDwdLk7E8LXw5P_;@WwECJEAHSW52b2ljZQMCJFkhAlUbMDkwyKFgFW6wQfA5Wv1AFU1Jw5ogLh1pRwPvOtPTAgZhbW91bnQEEgEkAAIEaW5mbwABBG5hbWUOUGF5b3V0IHJlcXVlc3Q=;4006800.00;@;@;0
e2c5b85b-126d-435d-8278-17955836478a;*** TEST Account with extremeeeeeeeeeeeely veeeeeeeeery long Name;901329;@AvJwpgkMlRDgXKknLl_NM6o3rYDtTZmxgf_3YnCMh2SJ;@WwECJEAHSW52b2ljZQMCJFkhA7AyHRsdbGrEAfdI8V2Aj2th-Oh1qHp3yByVzsFWLAH4AgZhbW91bnQEEgEkAAIEaW5mbwABBG5hbWUOUGF5b3V0IHJlcXVlc3Q=;61818.18;@;@;0
848402a5-9398-4413-938b-180af3749dd7;newtestacc1;901523;@Ag036MI45w_4aZni7WgrjpJ2tLBiRKKwL1u8kVJ3wukK;@WwECJEAHSW52b2ljZQMCJFkhAx0bNlLRTPRY_sYa5ASL96SDpaRdVtXCriLN_TqhEhIGAgZhbW91bnQEEgEkAAIEaW5mbwABBG5hbWUOUGF5b3V0IHJlcXVlc3Q=;1272727.37;@;@;0
80ece912-8ac6-438d-b64a-19cc52a87413;*** TEST Account with extremeeeeeeeeeeeely veeeeeeeeery long Name;901329;@AvJwpgkMlRDgXKknLl_NM6o3rYDtTZmxgf_3YnCMh2SJ;@WwECJEAHSW52b2ljZQMCJFkhA7AyHRsdbGrEAfdI8V2Aj2th-Oh1qHp3yByVzsFWLAH4AgZhbW91bnQEEgEkAAIEaW5mbwABBG5hbWUOUGF5b3V0IHJlcXVlc3Q=;90909.09;@;@;0
31397f92-fca8-46ff-932a-1afca259f9c4;Danil Davydov DEV;901497;@A92N3tncUMhPJRdW_fhJuGgZ8NeMJVDwdLk7E8LXw5P_;@WwECJEAHSW52b2ljZQMCJFkhA4qZrJEntgGxGieHQfkng0xvXjviIJai8oT-ZzsIN3K7AgZhbW91bnQEEgEkAAIEaW5mbwABBG5hbWUOUGF5b3V0IHJlcXVlc3Q=;3600.00;@;@;0
70127bec-b677-4aa2-a064-1b940813dc17;Danil Davydov DEV;901497;@A92N3tncUMhPJRdW_fhJuGgZ8NeMJVDwdLk7E8LXw5P_;@WwECJEAHSW52b2ljZQMCJFkhA4qZrJEntgGxGieHQfkng0xvXjviIJai8oT-ZzsIN3K7AgZhbW91bnQEEgEkAAIEaW5mbwABBG5hbWUOUGF5b3V0IHJlcXVlc3Q=;3600.00;@;@;0
106f3a75-6116-4def-b03a-1fac8f46222a;kv-20-10;901527;@A1F3CK4luQBXzSKkPRxb6aok8A4CHU-Xwf8_b5eXfwZP;@WwECJEAHSW52b2ljZQMCJFkhA5PeSgFzexY4Qo_GnUNM-6etTryh-PZXUxMmKTS0eJCCAgZhbW91bnQEEgEkAAIEaW5mbwABBG5hbWUOUGF5b3V0IHJlcXVlc3Q=;648880.00;@;@;0
a4a76299-6306-4cf6-9641-2051ca2e2ace;Danil Davydov DEV;901497;@A92N3tncUMhPJRdW_fhJuGgZ8NeMJVDwdLk7E8LXw5P_;@WwECJEAHSW52b2ljZQMCJFkhA4qZrJEntgGxGieHQfkng0xvXjviIJai8oT-ZzsIN3K7AgZhbW91bnQEEgEkAAIEaW5mbwABBG5hbWUOUGF5b3V0IHJlcXVlc3Q=;3600.00;@;@;0
72a31392-e7cb-4e8b-b1fd-20a0e848f849;Danil Davydov DEV;901497;@A92N3tncUMhPJRdW_fhJuGgZ8NeMJVDwdLk7E8LXw5P_;@WwECJEAHSW52b2ljZQMCJFkhA4qZrJEntgGxGieHQfkng0xvXjviIJai8oT-ZzsIN3K7AgZhbW91bnQEEgEkAAIEaW5mbwABBG5hbWUOUGF5b3V0IHJlcXVlc3Q=;3600.00;@;@;0
19e4c783-b7b9-41a7-ad82-22c1e5fa8615;Danil Davydov DEV;901497;@A92N3tncUMhPJRdW_fhJuGgZ8NeMJVDwdLk7E8LXw5P_;@WwECJEAHSW52b2ljZQMCJFkhA4qZrJEntgGxGieHQfkng0xvXjviIJai8oT-ZzsIN3K7AgZhbW91bnQEEgEkAAIEaW5mbwABBG5hbWUOUGF5b3V0IHJlcXVlc3Q=;3600.00;@;@;0
9e9abde5-575f-4389-9bc6-28470a7fd747;Danil Davydov DEV;901497;@A92N3tncUMhPJRdW_fhJuGgZ8NeMJVDwdLk7E8LXw5P_;@WwECJEAHSW52b2ljZQMCJFkhA4qZrJEntgGxGieHQfkng0xvXjviIJai8oT-ZzsIN3K7AgZhbW91bnQEEgEkAAIEaW5mbwABBG5hbWUOUGF5b3V0IHJlcXVlc3Q=;90290.91;@;@;0
ef90ce25-cf24-49f1-9f08-2f07d10612a6;Danil Davydov DEV;901497;@A92N3tncUMhPJRdW_fhJuGgZ8NeMJVDwdLk7E8LXw5P_;@WwECJEAHSW52b2ljZQMCJFkhA4qZrJEntgGxGieHQfkng0xvXjviIJai8oT-ZzsIN3K7AgZhbW91bnQEEgEkAAIEaW5mbwABBG5hbWUOUGF5b3V0IHJlcXVlc3Q=;3600.00;@;@;0
efdedb2c-fdd6-4155-b36c-326ce7966203;*** TEST Account with extremeeeeeeeeeeeely veeeeeeeeery long Name;901329;@AvJwpgkMlRDgXKknLl_NM6o3rYDtTZmxgf_3YnCMh2SJ;@WwECJEAHSW52b2ljZQMCJFkhA7AyHRsdbGrEAfdI8V2Aj2th-Oh1qHp3yByVzsFWLAH4AgZhbW91bnQEEgEkAAIEaW5mbwABBG5hbWUOUGF5b3V0IHJlcXVlc3Q=;1500.00;@;@;0
5c883994-ddf0-4bf8-8cb6-36c91bd543e4;*** TEST Account with extremeeeeeeeeeeeely veeeeeeeeery long Name;901329;@AvJwpgkMlRDgXKknLl_NM6o3rYDtTZmxgf_3YnCMh2SJ;@WwECJEAHSW52b2ljZQMCJFkhA7AyHRsdbGrEAfdI8V2Aj2th-Oh1qHp3yByVzsFWLAH4AgZhbW91bnQEEgEkAAIEaW5mbwABBG5hbWUOUGF5b3V0IHJlcXVlc3Q=;3600.00;@;@;0
c8bed602-0f95-45f1-9351-3ae6c6a45403;Danil Davydov DEV;901497;@A92N3tncUMhPJRdW_fhJuGgZ8NeMJVDwdLk7E8LXw5P_;@WwECJEAHSW52b2ljZQMCJFkhA4qZrJEntgGxGieHQfkng0xvXjviIJai8oT-ZzsIN3K7AgZhbW91bnQEEgEkAAIEaW5mbwABBG5hbWUOUGF5b3V0IHJlcXVlc3Q=;3600.00;@;@;0
4ad2757b-f175-42b9-b2df-40744e590827;Alex DEV account - 15;901506;@AqewECaw4bAfDDlkWfSAErVQC00DsIKcar89cOtrw-qp;@WwECJEAHSW52b2ljZQMCJFkhA01qtWKH0Qc9lhIy6Sz1B2kGvbVftjLV-3JaWOUKV7YqAgZhbW91bnQEEgEkAAIEaW5mbwABBG5hbWUOUGF5b3V0IHJlcXVlc3Q=;72727.28;@;@;0
db35eaa5-577f-43ae-96ab-434a2e394773;Danil Davydov DEV;901497;@A92N3tncUMhPJRdW_fhJuGgZ8NeMJVDwdLk7E8LXw5P_;@WwECJEAHSW52b2ljZQMCJFkhA4qZrJEntgGxGieHQfkng0xvXjviIJai8oT-ZzsIN3K7AgZhbW91bnQEEgEkAAIEaW5mbwABBG5hbWUOUGF5b3V0IHJlcXVlc3Q=;3600.00;@;@;0
05baf2ce-2ef0-4d2c-9ec9-495a83a1585a;DanDavtest;901521;@Ag036MI45w_4aZni7WgrjpJ2tLBiRKKwL1u8kVJ3wukK;@WwECJEAHSW52b2ljZQMCJFkhA-42vF4wLoZIvAoKf-HIrIdq6JVYWVrxZRvLrOpZDn97AgZhbW91bnQEEgEkAAIEaW5mbwABBG5hbWUOUGF5b3V0IHJlcXVlc3Q=;945454.55;@;@;0
29bb4a0a-b904-4e4c-8a49-4dd808d52a79;Danil Davydov DEV;901497;@A92N3tncUMhPJRdW_fhJuGgZ8NeMJVDwdLk7E8LXw5P_;@WwECJEAHSW52b2ljZQMCJFkhA4qZrJEntgGxGieHQfkng0xvXjviIJai8oT-ZzsIN3K7AgZhbW91bnQEEgEkAAIEaW5mbwABBG5hbWUOUGF5b3V0IHJlcXVlc3Q=;3600.00;@;@;0
c44c5538-671e-4955-a7b9-502c157769c1;Danil Davydov DEV;901497;@A92N3tncUMhPJRdW_fhJuGgZ8NeMJVDwdLk7E8LXw5P_;@WwECJEAHSW52b2ljZQMCJFkhA4qZrJEntgGxGieHQfkng0xvXjviIJai8oT-ZzsIN3K7AgZhbW91bnQEEgEkAAIEaW5mbwABBG5hbWUOUGF5b3V0IHJlcXVlc3Q=;3600.00;@;@;0
b888cd75-2d30-4b56-ba70-50b692a494b1;kv-20-8;901525;@AvBBBpPaXe34Enu0Shrwth46RM1hkPqiRK9ek-ubiyVb;@WwECJEAHSW52b2ljZQMCJFkhA0lHCxquM5AFRr_2b23JhwoDhpyusGi11SxSCQ0Jk3EDAgZhbW91bnQEEgEkAAIEaW5mbwABBG5hbWUOUGF5b3V0IHJlcXVlc3Q=;6662420.00;@;@;0
8f03f904-f3e4-4c3d-8ce6-53f2a64336df;Danil Davydov DEV;901497;@A92N3tncUMhPJRdW_fhJuGgZ8NeMJVDwdLk7E8LXw5P_;@WwECJEAHSW52b2ljZQMCJFkhA4qZrJEntgGxGieHQfkng0xvXjviIJai8oT-ZzsIN3K7AgZhbW91bnQEEgEkAAIEaW5mbwABBG5hbWUOUGF5b3V0IHJlcXVlc3Q=;3600.00;@;@;0
ec07ec70-f8e4-4896-b597-58eb76df29c9;Danil Davydov DEV;901497;@A92N3tncUMhPJRdW_fhJuGgZ8NeMJVDwdLk7E8LXw5P_;@WwECJEAHSW52b2ljZQMCJFkhA4qZrJEntgGxGieHQfkng0xvXjviIJai8oT-ZzsIN3K7AgZhbW91bnQEEgEkAAIEaW5mbwABBG5hbWUOUGF5b3V0IHJlcXVlc3Q=;3600.00;@;@;0
cc551b40-5ea1-48c5-aee6-5e703603c801;Danil Davydov DEV;901497;@A92N3tncUMhPJRdW_fhJuGgZ8NeMJVDwdLk7E8LXw5P_;@WwECJEAHSW52b2ljZQMCJFkhA4qZrJEntgGxGieHQfkng0xvXjviIJai8oT-ZzsIN3K7AgZhbW91bnQEEgEkAAIEaW5mbwABBG5hbWUOUGF5b3V0IHJlcXVlc3Q=;3600.00;@;@;0
4d78e0c5-c328-4f87-8892-6079fa58cbbe;Danil Davydov DEV;901497;@A92N3tncUMhPJRdW_fhJuGgZ8NeMJVDwdLk7E8LXw5P_;@WwECJEAHSW52b2ljZQMCJFkhA4qZrJEntgGxGieHQfkng0xvXjviIJai8oT-ZzsIN3K7AgZhbW91bnQEEgEkAAIEaW5mbwABBG5hbWUOUGF5b3V0IHJlcXVlc3Q=;3600.00;@;@;0
57d038a8-0189-460d-a8c9-6088040b43d2;Danil Davydov DEV;901497;@A92N3tncUMhPJRdW_fhJuGgZ8NeMJVDwdLk7E8LXw5P_;@WwECJEAHSW52b2ljZQMCJFkhA4qZrJEntgGxGieHQfkng0xvXjviIJai8oT-ZzsIN3K7AgZhbW91bnQEEgEkAAIEaW5mbwABBG5hbWUOUGF5b3V0IHJlcXVlc3Q=;3600.00;@;@;0
870d7e8f-7032-47aa-82a4-60a3ed1b45f2;Danil Davydov DEV;901497;@A92N3tncUMhPJRdW_fhJuGgZ8NeMJVDwdLk7E8LXw5P_;@WwECJEAHSW52b2ljZQMCJFkhA4qZrJEntgGxGieHQfkng0xvXjviIJai8oT-ZzsIN3K7AgZhbW91bnQEEgEkAAIEaW5mbwABBG5hbWUOUGF5b3V0IHJlcXVlc3Q=;3600.00;@;@;0
dba18fb8-0eef-4144-902a-681f6a557fc8;kv-20-10;901527;@A1F3CK4luQBXzSKkPRxb6aok8A4CHU-Xwf8_b5eXfwZP;@WwECJEAHSW52b2ljZQMCJFkhA5PeSgFzexY4Qo_GnUNM-6etTryh-PZXUxMmKTS0eJCCAgZhbW91bnQEEgEkAAIEaW5mbwABBG5hbWUOUGF5b3V0IHJlcXVlc3Q=;1560000.00;@;@;0
03c7710b-e2aa-4f42-a9d8-68dc631e273c;Danil Davydov DEV;901497;@A92N3tncUMhPJRdW_fhJuGgZ8NeMJVDwdLk7E8LXw5P_;@WwECJEAHSW52b2ljZQMCJFkhA4qZrJEntgGxGieHQfkng0xvXjviIJai8oT-ZzsIN3K7AgZhbW91bnQEEgEkAAIEaW5mbwABBG5hbWUOUGF5b3V0IHJlcXVlc3Q=;3600.00;@;@;0
5a46a0dd-8471-4e05-8867-6aac518ef8e3;Danil Davydov DEV;901497;@A92N3tncUMhPJRdW_fhJuGgZ8NeMJVDwdLk7E8LXw5P_;@WwECJEAHSW52b2ljZQMCJFkhA4qZrJEntgGxGieHQfkng0xvXjviIJai8oT-ZzsIN3K7AgZhbW91bnQEEgEkAAIEaW5mbwABBG5hbWUOUGF5b3V0IHJlcXVlc3Q=;3600.00;@;@;0
f3d55ad3-6493-4c6e-a17b-70faa7e0d305;Danil Davydov DEV;901497;@A92N3tncUMhPJRdW_fhJuGgZ8NeMJVDwdLk7E8LXw5P_;@WwECJEAHSW52b2ljZQMCJFkhA4qZrJEntgGxGieHQfkng0xvXjviIJai8oT-ZzsIN3K7AgZhbW91bnQEEgEkAAIEaW5mbwABBG5hbWUOUGF5b3V0IHJlcXVlc3Q=;3600.00;@;@;0
e7f16eed-4a02-4294-9d71-73a941cd9e7c;Danil Davydov DEV;901497;@A92N3tncUMhPJRdW_fhJuGgZ8NeMJVDwdLk7E8LXw5P_;@WwECJEAHSW52b2ljZQMCJFkhA4qZrJEntgGxGieHQfkng0xvXjviIJai8oT-ZzsIN3K7AgZhbW91bnQEEgEkAAIEaW5mbwABBG5hbWUOUGF5b3V0IHJlcXVlc3Q=;0.10;@;@;0
7721bf1d-bead-412c-b956-77dd6795f750;*** TEST Account with extremeeeeeeeeeeeely veeeeeeeeery long Name;901329;@AvJwpgkMlRDgXKknLl_NM6o3rYDtTZmxgf_3YnCMh2SJ;@WwECJEAHSW52b2ljZQMCJFkhA7AyHRsdbGrEAfdI8V2Aj2th-Oh1qHp3yByVzsFWLAH4AgZhbW91bnQEEgEkAAIEaW5mbwABBG5hbWUOUGF5b3V0IHJlcXVlc3Q=;1500.00;@;@;0
62d62986-9b57-4662-b147-7dc24a6dd761;DanDavtest;901521;@Ag036MI45w_4aZni7WgrjpJ2tLBiRKKwL1u8kVJ3wukK;@WwECJEAHSW52b2ljZQMCJFkhA-42vF4wLoZIvAoKf-HIrIdq6JVYWVrxZRvLrOpZDn97AgZhbW91bnQEEgEkAAIEaW5mbwABBG5hbWUOUGF5b3V0IHJlcXVlc3Q=;2518181.82;@;@;0
aa5f7cac-8421-497f-ae03-8649a337e5fe;testdav123;901515;@A-GLQVJDP4ym2_TDMlZ2VoiIbJfft5xLUOwD4msfDU5F;@WwECJEAHSW52b2ljZQMCJFkhAgDOixr6k-AQbUs5O9PY0vh8hnJH7UP6zOXkLP5eDps_AgZhbW91bnQEEgEkAAIEaW5mbwABBG5hbWUOUGF5b3V0IHJlcXVlc3Q=;4006800.00;@;@;0
8249657c-8e83-46e2-aa6a-864f2f2c1b80;testacc30;901528;@AkIBR66MkX7yElLqHePTDHkfB3LK6iMnxof19w9z11wJ;@WwECJEAHSW52b2ljZQMCJFkhA_MbwvvOu6_3H_ma_ktAZK_dqcm4lc6B8bZHihWCGdstAgZhbW91bnQEEgEkAAIEaW5mbwABBG5hbWUOUGF5b3V0IHJlcXVlc3Q=;4454545.46;@;@;0
69be0f15-ccc7-459e-95c9-8871e05db20e;Alex 212;901510;@AvJwpgkMlRDgXKknLl_NM6o3rYDtTZmxgf_3YnCMh2SJ;@WwECJEAHSW52b2ljZQMCJFkhA7w-AYTFvTSWyT3URT9wq_YS6eWdhi94QAFXulYNmicxAgZhbW91bnQEEgEkAAIEaW5mbwABBG5hbWUOUGF5b3V0IHJlcXVlc3Q=;80218.18;@;@;0
3676279d-0db4-4a04-8b16-9179a2cc3654;*** TEST Account with extremeeeeeeeeeeeely veeeeeeeeery long Name;901329;@AvJwpgkMlRDgXKknLl_NM6o3rYDtTZmxgf_3YnCMh2SJ;@WwECJEAHSW52b2ljZQMCJFkhA7AyHRsdbGrEAfdI8V2Aj2th-Oh1qHp3yByVzsFWLAH4AgZhbW91bnQEEgEkAAIEaW5mbwABBG5hbWUOUGF5b3V0IHJlcXVlc3Q=;57272.73;@;@;0
42ba69c1-75c6-4f96-9f2a-98802249b830;Danil Davydov DEV;901497;@A92N3tncUMhPJRdW_fhJuGgZ8NeMJVDwdLk7E8LXw5P_;@WwECJEAHSW52b2ljZQMCJFkhA4qZrJEntgGxGieHQfkng0xvXjviIJai8oT-ZzsIN3K7AgZhbW91bnQEEgEkAAIEaW5mbwABBG5hbWUOUGF5b3V0IHJlcXVlc3Q=;3600.00;@;@;0
78c7213d-51b0-4b12-8cc4-9ea1e9493d71;DanDavtest;901521;@Ag036MI45w_4aZni7WgrjpJ2tLBiRKKwL1u8kVJ3wukK;@WwECJEAHSW52b2ljZQMCJFkhA-42vF4wLoZIvAoKf-HIrIdq6JVYWVrxZRvLrOpZDn97AgZhbW91bnQEEgEkAAIEaW5mbwABBG5hbWUOUGF5b3V0IHJlcXVlc3Q=;363636.36;@;@;0
942efd95-a55c-40f5-be34-a76dce69eaab;Danil Davydov DEV;901497;@A92N3tncUMhPJRdW_fhJuGgZ8NeMJVDwdLk7E8LXw5P_;@WwECJEAHSW52b2ljZQMCJFkhA4qZrJEntgGxGieHQfkng0xvXjviIJai8oT-ZzsIN3K7AgZhbW91bnQEEgEkAAIEaW5mbwABBG5hbWUOUGF5b3V0IHJlcXVlc3Q=;62618.18;@;@;0
126a35b5-693f-4eb2-bdf2-b5fb0208bbbd;kv-20-7;901524;@AyNUn71zB-iKEE1Sgysfm4OeX6jXe5XvZr4E4FvePoQc;@WwECJEAHSW52b2ljZQMCJFkhAvx9UzlWOzZyJvbS_lcfQH4vC0DF5_QMnYsnbnoye2d5AgZhbW91bnQEEgEkAAIEaW5mbwABBG5hbWUOUGF5b3V0IHJlcXVlc3Q=;668660.00;@;@;0
7f4dc0bc-8a3b-4d67-bb45-b8a42c820ca2;*** TEST Account with extremeeeeeeeeeeeely veeeeeeeeery long Name;901329;@AvJwpgkMlRDgXKknLl_NM6o3rYDtTZmxgf_3YnCMh2SJ;@WwECJEAHSW52b2ljZQMCJFkhA7AyHRsdbGrEAfdI8V2Aj2th-Oh1qHp3yByVzsFWLAH4AgZhbW91bnQEEgEkAAIEaW5mbwABBG5hbWUOUGF5b3V0IHJlcXVlc3Q=;3600.00;@;@;0
037d163f-164a-4e04-99bb-bc35cf8bc490;Danil Davydov DEV;901497;@A92N3tncUMhPJRdW_fhJuGgZ8NeMJVDwdLk7E8LXw5P_;@WwECJEAHSW52b2ljZQMCJFkhA4qZrJEntgGxGieHQfkng0xvXjviIJai8oT-ZzsIN3K7AgZhbW91bnQEEgEkAAIEaW5mbwABBG5hbWUOUGF5b3V0IHJlcXVlc3Q=;3600.00;@;@;0
04d919e6-fea8-4b4b-b020-c07ae0ca1669;Danil Davydov DEV;901497;@A92N3tncUMhPJRdW_fhJuGgZ8NeMJVDwdLk7E8LXw5P_;@WwECJEAHSW52b2ljZQMCJFkhA4qZrJEntgGxGieHQfkng0xvXjviIJai8oT-ZzsIN3K7AgZhbW91bnQEEgEkAAIEaW5mbwABBG5hbWUOUGF5b3V0IHJlcXVlc3Q=;3600.00;@;@;0
d44353d4-28dc-4073-a363-c8ab7d04d8d9;Danil Davydov DEV;901497;@A92N3tncUMhPJRdW_fhJuGgZ8NeMJVDwdLk7E8LXw5P_;@WwECJEAHSW52b2ljZQMCJFkhA4qZrJEntgGxGieHQfkng0xvXjviIJai8oT-ZzsIN3K7AgZhbW91bnQEEgEkAAIEaW5mbwABBG5hbWUOUGF5b3V0IHJlcXVlc3Q=;3600.00;@;@;0
501a13b9-3684-45d8-bddd-ca1ef0c50be5;DanDavtest;901521;@Ag036MI45w_4aZni7WgrjpJ2tLBiRKKwL1u8kVJ3wukK;@WwECJEAHSW52b2ljZQMCJFkhA-42vF4wLoZIvAoKf-HIrIdq6JVYWVrxZRvLrOpZDn97AgZhbW91bnQEEgEkAAIEaW5mbwABBG5hbWUOUGF5b3V0IHJlcXVlc3Q=;1581818.18;@;@;0
63e3cfcc-1d3e-4162-b7cb-d0d38ecacbc1;*** TEST Account with extremeeeeeeeeeeeely veeeeeeeeery long Name;901329;@AvJwpgkMlRDgXKknLl_NM6o3rYDtTZmxgf_3YnCMh2SJ;@WwECJEAHSW52b2ljZQMCJFkhA7AyHRsdbGrEAfdI8V2Aj2th-Oh1qHp3yByVzsFWLAH4AgZhbW91bnQEEgEkAAIEaW5mbwABBG5hbWUOUGF5b3V0IHJlcXVlc3Q=;1500.00;@;@;0
901aaa9f-2172-4dc1-ac79-d1f9f2f55a71;Danil Davydov DEV;901497;@A92N3tncUMhPJRdW_fhJuGgZ8NeMJVDwdLk7E8LXw5P_;@WwECJEAHSW52b2ljZQMCJFkhA4qZrJEntgGxGieHQfkng0xvXjviIJai8oT-ZzsIN3K7AgZhbW91bnQEEgEkAAIEaW5mbwABBG5hbWUOUGF5b3V0IHJlcXVlc3Q=;3600.00;@;@;0
8fdf1e2a-d579-4241-be59-d45bd08f6911;NewTest14.05;901522;@AqZBPd-5yyVnHwp-INaa-ib-Zipvdghog5qKeJ6UHHbe;@WwECJEAHSW52b2ljZQMCJFkhA6Qp4ow7E9NQlalATtbh7k4bdVFY7K9-5Fy64tqSKCyDAgZhbW91bnQEEgEkAAIEaW5mbwABBG5hbWUOUGF5b3V0IHJlcXVlc3Q=;686860.00;@;@;0
100bea75-6641-457d-86a2-d4bcbba33edc;Danil Davydov DEV;901497;@A92N3tncUMhPJRdW_fhJuGgZ8NeMJVDwdLk7E8LXw5P_;@WwECJEAHSW52b2ljZQMCJFkhA4qZrJEntgGxGieHQfkng0xvXjviIJai8oT-ZzsIN3K7AgZhbW91bnQEEgEkAAIEaW5mbwABBG5hbWUOUGF5b3V0IHJlcXVlc3Q=;3600.00;@;@;0
1e47d801-6551-4c85-8db8-d9661aa11b0b;*** TEST Account with extremeeeeeeeeeeeely veeeeeeeeery long Name;901329;@AvJwpgkMlRDgXKknLl_NM6o3rYDtTZmxgf_3YnCMh2SJ;@WwECJEAHSW52b2ljZQMCJFkhA7AyHRsdbGrEAfdI8V2Aj2th-Oh1qHp3yByVzsFWLAH4AgZhbW91bnQEEgEkAAIEaW5mbwABBG5hbWUOUGF5b3V0IHJlcXVlc3Q=;1500.00;@;@;0
50f14f55-1524-4425-b48c-dfe52069afbd;Danil Davydov DEV;901497;@A92N3tncUMhPJRdW_fhJuGgZ8NeMJVDwdLk7E8LXw5P_;@WwECJEAHSW52b2ljZQMCJFkhA4qZrJEntgGxGieHQfkng0xvXjviIJai8oT-ZzsIN3K7AgZhbW91bnQEEgEkAAIEaW5mbwABBG5hbWUOUGF5b3V0IHJlcXVlc3Q=;3600.00;@;@;0
9576e3fd-fea0-4aa2-a07a-e747035e8b3f;Danil Davydov DEV;901497;@A92N3tncUMhPJRdW_fhJuGgZ8NeMJVDwdLk7E8LXw5P_;@WwECJEAHSW52b2ljZQMCJFkhA4qZrJEntgGxGieHQfkng0xvXjviIJai8oT-ZzsIN3K7AgZhbW91bnQEEgEkAAIEaW5mbwABBG5hbWUOUGF5b3V0IHJlcXVlc3Q=;3600.00;@;@;0
3489816b-75ee-41ab-b83c-e7bae152ac52;Danil Davydov DEV;901497;@A92N3tncUMhPJRdW_fhJuGgZ8NeMJVDwdLk7E8LXw5P_;@WwECJEAHSW52b2ljZQMCJFkhA4qZrJEntgGxGieHQfkng0xvXjviIJai8oT-ZzsIN3K7AgZhbW91bnQEEgEkAAIEaW5mbwABBG5hbWUOUGF5b3V0IHJlcXVlc3Q=;3600.00;@;@;0
3f4fb971-b771-4d5f-9e0f-ed5ad0eced52;newtestacc1;901523;@Ag036MI45w_4aZni7WgrjpJ2tLBiRKKwL1u8kVJ3wukK;@WwECJEAHSW52b2ljZQMCJFkhAx0bNlLRTPRY_sYa5ASL96SDpaRdVtXCriLN_TqhEhIGAgZhbW91bnQEEgEkAAIEaW5mbwABBG5hbWUOUGF5b3V0IHJlcXVlc3Q=;902000.00;@;@;0
584e5097-92da-4948-b8db-f34ec26c74fb;Danil Davydov DEV;901497;@A92N3tncUMhPJRdW_fhJuGgZ8NeMJVDwdLk7E8LXw5P_;@WwECJEAHSW52b2ljZQMCJFkhA4qZrJEntgGxGieHQfkng0xvXjviIJai8oT-ZzsIN3K7AgZhbW91bnQEEgEkAAIEaW5mbwABBG5hbWUOUGF5b3V0IHJlcXVlc3Q=;3600.00;@;@;0
680da82b-7e77-4d01-9578-f5c7dbb63356;*** TEST Account with extremeeeeeeeeeeeely veeeeeeeeery long Name;901329;@AvJwpgkMlRDgXKknLl_NM6o3rYDtTZmxgf_3YnCMh2SJ;@WwECJEAHSW52b2ljZQMCJFkhA7AyHRsdbGrEAfdI8V2Aj2th-Oh1qHp3yByVzsFWLAH4AgZhbW91bnQEEgEkAAIEaW5mbwABBG5hbWUOUGF5b3V0IHJlcXVlc3Q=;1500.00;@;@;0
f5374bd8-0b08-47c3-85c0-f6d8f4a455ec;Danil Davydov DEV;901497;@A92N3tncUMhPJRdW_fhJuGgZ8NeMJVDwdLk7E8LXw5P_;@WwECJEAHSW52b2ljZQMCJFkhA4qZrJEntgGxGieHQfkng0xvXjviIJai8oT-ZzsIN3K7AgZhbW91bnQEEgEkAAIEaW5mbwABBG5hbWUOUGF5b3V0IHJlcXVlc3Q=;3600.00;@;@;0
1f40a389-7eb9-4095-8989-fdbd73bdebe8;*** TEST Account with extremeeeeeeeeeeeely veeeeeeeeery long Name;901329;@AvJwpgkMlRDgXKknLl_NM6o3rYDtTZmxgf_3YnCMh2SJ;@WwECJEAHSW52b2ljZQMCJFkhA7AyHRsdbGrEAfdI8V2Aj2th-Oh1qHp3yByVzsFWLAH4AgZhbW91bnQEEgEkAAIEaW5mbwABBG5hbWUOUGF5b3V0IHJlcXVlc3Q=;3600.00;@;@;0
13a88a64-af4b-4c00-b229-fdde2e936b5e;Danil Davydov DEV;901497;@A92N3tncUMhPJRdW_fhJuGgZ8NeMJVDwdLk7E8LXw5P_;@WwECJEAHSW52b2ljZQMCJFkhA4qZrJEntgGxGieHQfkng0xvXjviIJai8oT-ZzsIN3K7AgZhbW91bnQEEgEkAAIEaW5mbwABBG5hbWUOUGF5b3V0IHJlcXVlc3Q=;3600.00;@;@;0
a518a2d1-588d-4fd4-91cd-fe89602cfb1e;Danil Davydov DEV;901497;@A92N3tncUMhPJRdW_fhJuGgZ8NeMJVDwdLk7E8LXw5P_;@WwECJEAHSW52b2ljZQMCJFkhA4qZrJEntgGxGieHQfkng0xvXjviIJai8oT-ZzsIN3K7AgZhbW91bnQEEgEkAAIEaW5mbwABBG5hbWUOUGF5b3V0IHJlcXVlc3Q=;61818.18;@;@;0
c483e1e7-5f32-492a-ad41-febb39b26f04;kv-20-9;901526;@A2ISis4Mo6vGfHfaIUA9PgVtr4xmpSmTeHhBaC9OA9FX;@WwECJEAHSW52b2ljZQMCJFkhA5m8Ux33v5gMl0lAzL0uM8UqTRaIatsbGr_1ACrbzGbzAgZhbW91bnQEEgEkAAIEaW5mbwABBG5hbWUOUGF5b3V0IHJlcXVlc3Q=;688840.00;@;@;0
